SMILES,Target
COC1=C(OC)C=C2CN(CCCCN3C4=CC=CC=C4C4=C3C=CC=C4)CCC2=C1,0.04
COC1=CC2=C(CN(CCCCNC(=O)C3=CN(N=N3)C3=CC=CC=C3OC)CC2)C=C1OC,1.5
CC1(C)CCCN(CCCCC2=CCCC3=CC=CC=C23)C1,1.1
COC1=C(OC)C=C2CN(CCCCNC(=O)C3=CC(I)=CC(OC)=C3OCCF)CCC2=C1,0.26
COC1=CC=C(C=C1)N1C=C(N=N1)C(=O)NCCCCN1CCC2=CC(OC)=C(OC)C=C2C1,5.5
COC1=CC=CC(=C1)N1C=C(N=N1)C(=O)NCCCCN1CCC2=C(C1)C=C(OC)C(OC)=C2,3
COC1=CC2=C(CN(CCCCNC(=O)C3=CN(CC4=CC=C(O)C=C4)N=N3)CC2)C=C1OC,11.6
FC1=CC=C(C=C1)C1=CC=C2OC(=O)N(CCCCN3CCN(CC3)C3CCCCC3)C2=C1,0.0061
COC1=CC=CC=C1CN1C=C(N=N1)C(=O)NCCCCN1CCC2=C(C1)C=C(OC)C(OC)=C2,9.7
COC1=CC2=C(CN(CCCCNC(=O)C3=CN(N=N3)C3=CC=C(OCCF)C=C3)CC2)C=C1OC,21.9
COC1=C(NC(=O)OC2CC3CCCC(C2)N3CC2=CC=C(CCF)C=C2)C=C(C)C=C1,0.82
COC1=C(OC)C=C2CN(CCCCNC(=O)C3=CC=CC=C3)CCC2=C1,5290
FC1=CC=C(C=C1)C1(CC2CCC1C2)NCCCOC1CCCCO1,5.5
COC1=C(OC)C=C2CN(CCCCNC(=O)C3=CC(Br)=CC(OC)=C3OC)CC2=C1,0.82
COC1=C(OC)C=C2CN(CCCCNC(=O)C3=CC(Br)=CC=C3OCCF)CCC2=C1,0.65
COC1=C(OC)C=C2CN(CCCCNC(=O)C3=CC(Br)=CC(OC)=C3OC)CCC2=C1,8.2
COC1=C(OC)C=C2CN(CCCCNC(=O)C3=CC(I)=CC=C3OCCF)CCC2=C1,1.06
COC1=CC(CN2C=C(N=N2)C(=O)NCCCCN2CCC3=C(C2)C=C(OC)C(OC)=C3)=CC=C1,10.7
COC1=C(OC)C=C2CN(CCCCN3C=C(C4=C3C=CC=C4)C3=CC=C(F)C=C3)CCC2=C1,4.37
C(CNC1(CC2CCC1C2)C1=CC=CC=C1)CN1CCCCC1,9.6
COC1=CC=C(CN2C=C(N=N2)C(=O)NCCN2CCC3=CC(OC)=C(OC)C=C3C2)C=C1,93.2
CN1C(=O)N(CCCCN2CCN(CC2)C2=CC=C(F)C=C2)C2=CC=CC=C12,0.46
COC1=CC2=C(CN(CCCCCCNC(=O)C3=CC4=C(O3)C=CC(I)=C4)CC2)C=C1OC,0.88
COC1=CC=C(C)C=C1C(=O)NCCN1CCC2=CC(OC)=C(OC)C=C2C1,13.3
COC1=CC2=C(CN(CCCCNC(=O)C3=CN(CC4=CC=CC(OCCF)=C4)N=N3)CC2)C=C1OC,62.1
COC1=CC2=C(CN(CCCCNC(=O)C3=CN(N=N3)C3=CC=CC(OCCF)=C3)CC2)C=C1OC,25.1
COC1=CC2=C(CN(CCCCNC(=O)C3=CN(N=N3)C3=CC=CC=C3OCCF)CC2)C=C1OC,24
O=C1N(CCCCN2CCN(C3=CC=C(F)C=C3)CC2)C4=C(C=C(N=C=S)C=C4)O1,14.6
COC1=CC=C(CN2C=C(N=N2)C(=O)NCCCCN2CCC3=C(C2)C=C(OC)C(OC)=C3)C=C1,5
FC1=CC=C(C=C1)C1(CC2CCC1C2)NCCCN1CCCCC1,16
CC1(C)CCCN(CCCCCC2=CC=CC=C2)C1,10
COC1=C2CCN(CCCN3CCC4=CC(OC)=C(OC)C=C4C3)C(=O)C2=CC=C1,4.24
COC1=C(NC(=O)OC2CC3CCCC(C2)N3CC2=CC=C(C=C2)N(C)C)C=C(C)C=C1,2.58
COC1=CC2=C(CN(CCCCNC(=O)C3=CC=C(C=C3)C3=CN(CCF)N=N3)CC2)C=C1OC,139
COC1=CC2=C(NC=C2C(=O)CN2CCC(CC3=CC=CC=C3)CC2)C=C1,10
COC1=C(OC)C=C2CN(CCCN3CCC4=C(C=CC=C4OCCCCCCN4C(=O)C5=C(C=C(C=C5)N(C)C)C4=O)C3=O)CCC2=C1,10.2
FC1=CC=C(C=C1)N1C=C(CCCCN2C3CCC2C=C(C3)C2=CC=C(F)C=C2)C2=C1C=CC=C2,2.5
COC1=C(NC(=O)OC2CC3CCCC(C2)N3CCC2=CC=C(N)C=C2)C=C(C)C=C1,5
COC1=CC2=C(CN(CCCCNC(=O)C3=CN(CC4=CC=C(OCCF)C=C4)N=N3)CC2)C=C1OC,48.2
COC1=CC=C(Br)C=C1C(=O)NCCN1CCC2=CC(OC)=C(OC)C=C2C1,12.4
COC1=C(OC)C=C2CN(CCCCNC(=O)C3=C(OCC4=CN(CCF)N=N4)C=CC(=C3)C#N)CCC2=C1,31.9
COC1=CC=CC(=C1)N1C=C(N=N1)C(=O)NCCN1CCC2=CC(OC)=C(OC)C=C2C1,180
COC1=CC=C(CN2C=C(N=N2)C2=CC=C(C=C2)C(=O)NCCCCN2CCC3=CC(OC)=C(OC)C=C3C2)C=C1,31.4
COC1=C(OC)C=C2CN(CCCCNC(=O)C3=C(OC)C=CC(=C3)N3C=C(CN(C)C)N=N3)CCC2=C1,56.8
COC1=C(NC(=O)OC2CC3CCCC(C2)N3CCCCCCNC(=O)C2=CC=C(Cl)C=C2)C=C(C)C=C1,3.56
COC1=CC=C(C(=O)NCCCCN2CCC3=CC=C(C=C3C2)[N+]([O-])=O)C(OC)=C1OC,26.8
COC1=CC(CN2C=C(N=N2)C(=O)NCCN2CCC3=CC(OC)=C(OC)C=C3C2)=CC=C1,214
COC1=CC2=C(CN(CCCCNC(=O)C3=CN(CC4=CC=CC=C4)N=N3)CC2)C=C1OC,12.4
COC1=CC2=C(CN(CCCCNC(=O)C3=CN(CC4=CC=CC(O)=C4)N=N3)CC2)C=C1OC,22.5
COC1=C(OC)C=C2CN(CCCCN3C=CC4=C3C=CC=C4)CCC2=C1,0.21
COC1=CC(Br)=CC(C(=O)NCCCN2CCC3=CC(OC)=C(OC)C=C3C2)=C1OC,12.9
COC1=C(OC)C=C2CN(CCCN3CCC4=C(OCCF)C=CC=C4C3=O)CCC2=C1,9.24
COC1=C(C=C(C=C1)N1C=C(N=N1)C1=CN=CN1C)C(=O)NCCCCN1CCC2=CC(OC)=C(OC)C=C2C1,20.7
COC1=C(OC)C=C2CN(CCCCNC(=O)C3=C(OCC#C)C=CC(=C3)C#N)CCC2=C1,12.2
COC1=CC2=C(CN(CC3CCN(CC3)C(=O)C3=CC4=C(O3)C=CC(Br)=C4)CC2)C=C1OC,8.7
C(CN1C2=C(C=CC=C2)C2=C1C=CC=C2)CN1CCN(CC1)C1CCCCC1,12.6
COC1=C(NC(=O)OC2CC3CCCC(C2)N3CCCCCCN)C=C(C)C=C1,5.19
COC1=C(OC)C=C2CN(CCCCC3=CN(C4=C3C=CC=C4)C3=CC=C(F)C=C3)CCC2=C1,5.34
FC1=CC=C(C=C1)N1C=C(CCCCN2CCC3(CC2)OCC2=C3C(F)=CC=C2)C2=C1C=CC=C2,0.58
FC1=CC=C(C=C1)N1C=C(CCCCN2CCC3(CC2)SCC2=C3C=CC=C2)C2=CC=CC=C12,0.14
COC1=CC2=C(CN(CCCCNC(=O)C3=CC4=C(O3)C=CC(Br)=C4)CC2)C=C1OC,15
COC1=CC=C(C)C=C1C(=O)NCCCCN1CCC2=CC(OC)=C(OC)C=C2C1,8.68
COC1=CC=C(C=C1)N1C=C(N=N1)C(=O)NCCN1CCC2=CC(OC)=C(OC)C=C2C1,410
CN1CC[C@]2(C[C@@H]1\C(=C/C1=CC=C(Cl)C(Cl)=C1)C(=O)C2)C1=CC(O)=CC=C1,13.4
COC1=CC2=C(CN(CCCCNC(=O)C3=CC(=CC=C3OCCF)N3C=C(CN(C)C)N=N3)CC2)C=C1OC,94
COC1=C(OC)C=C2CN(CCNC(=O)C3=CC(C)=CC=C3OCCF)CCC2=C1,102
COC1=C(C=C(C)C=C1)C(=O)NCCCN1CCC2=CC(OC)=C(OC)C=C2C1,2.63
COC1=C(OC)C=C2CN(CCCCN3C(=O)C4=C(C=C(F)C=C4)C3=O)CCC2=C1,8
CCN1C(=O)N(C(=O)NC2CC3CCC(C2)N3C)C2=C1C=CC=C2,32
COC1=C(NC(=O)OC2CC3CCCC(C2)N3CCCCN)C=C(C)C=C1,12.94
COC1=C(OC)C=C2CN(CCNC(=O)C3=CC(Br)=CC(OC)=C3OC)CCC2=C1,16.4
COC1=C(OC)C=C2CN(CCCCNC(=O)C3=C(OC)C=CC(=C3)N3C=C(COCCOCCF)N=N3)CCC2=C1,66
COC1=CC=CC(CN2C=C(N=N2)C2=CC=C(C=C2)C(=O)NCCCCN2CCC3=CC(OC)=C(OC)C=C3C2)=C1,66.2
FC1=CC=C(C=C1)N1C=C(CCCCN2CCC3(CC2)OCC2=C(F)C=CC=C32)C2=C1C=CC=C2,1.8
COC1=CC(\C=C2/[C@H]3C[C@](CCN3C)(CC2=O)C2=CC(O)=CC=C2)=CC=C1,38.2
COC1=CC=CC=C1CN1C=C(N=N1)C1=CC=C(C=C1)C(=O)NCCCCN1CCC2=CC(OC)=C(OC)C=C2C1,55
FC1=CC=C(C=C1)N1CCN(CCCCN2C=CC3=CC=CC=C23)CC1,1.09
[H][C@@]12CS[C@H](CCCCC(=O)NCCCCCCCCCCN3C4CCCC3CC(C4)OC(=O)NC3=C(OC)C=CC(C)=C3)[C@]1([H])NC(=O)N2,69.7
COC1=C(OC)C=C2CN(CCCN3CCC4=CC=CC=C4C3=O)CCC2=C1,4.84
FC1=CC=C(C=C1)N1C=C(CCCCN2CCC3(CC2)OCC2=CC=CC=C32)C2=CC=CC=C12,0.12
CN1CC[C@]2(C[C@@H]1\C(=C/C1=CC=CC(Cl)=C1)C(=O)C2)C1=CC(O)=CC=C1,22.4
COC1=C(OC)C=C2CN(CCCN3CCC4=CC(OC)=C(OC)C=C4C3=O)CCC2=C1,20.1
COC1=CC2=C(CN(CCCCNC(=O)C3=CC4=C(O3)C=CC(I)=C4)CC2)C=C1OC,6.2
COC1=CC=CC=C1CN1C=C(N=N1)C(=O)NCCN1CCC2=CC(OC)=C(OC)C=C2C1,156
CN1CC[C@]2(C[C@@H]1\C(=C/C1=CC=C(Cl)C=C1)C(=O)C2)C1=CC(O)=CC=C1,6.4
COC1=C(OC)C=C2CN(CCCCCN3C(=O)C4=C(C=C(F)C=C4)C3=O)CCC2=C1,2.4
COC1=C(OC)C=C2CN(CCCCNC(=O)C3=CC=C(C=C3)C3=CN(CCOCCF)N=N3)CCC2=C1,137
BrC1=CC=C2OC(=O)N(CCCCN3CCN(CC3)C3CCCCC3)C2=C1,0.053
COC1=CC2=C(CN(CCNC(=O)C3=CN(N=N3)C3=CC=CC=C3OC)CC2)C=C1OC,150
FC1=CC=C(C=C1)N1C=C(CCCCN2CCC(CC2)C2=CC=CC=C2)C2=CC=CC=C12,0.44
COC1=C2C(=O)N(CCCN3CCC4=CC(OC)=C(OC)C=C4C3)CCC2=CC=C1,16.3
OC1=CC2=C(C=C1)C(=CN2)C(=O)CN1CCC(CC2=CC=CC=C2)CC1,43
COC1=CC2=C(CN(CC3CCN(CC3)C(=O)C3=CC4=CC(Br)=CC=C4N3)CC2)C=C1OC,40
COC1=CC2=C(NC=C2C(=O)CN2CCC(CC2)C2=CC=CC=C2)C=C1,20
COC1=CC=C(\C=C2/[C@H]3C[C@](CCN3C)(CC2=O)C2=CC(O)=CC=C2)C=C1,21.6
COC1=C(OC)C=C2CN(CCCN3CCC4=CC(F)=CC=C4C3=O)CCC2=C1,3.56
COC1=C(O)C(=CC=C1I)C(=O)NCCCCN1CCC2=CC=C(C=C2C1)[N+]([O-])=O,866.7
COC1=C(NC(=O)OC2CC3CCCC(C2)N3CCCCCCNS(=O)(=O)C2=CC=CC3=C2C=CC=C3N(C)C)C=C(C)C=C1,148
CN1CC[C@]2(C[C@@H]1\C(=C/C1=CC=CC=C1)C(=O)C2)C1=CC(O)=CC=C1,16.5
COC1=C(NC(=O)OC2CC3CCCC(C2)N3CCCCCCCCCCNS(=O)(=O)C2=CC=CC3=C2C=CC=C3N(C)C)C=C(C)C=C1,14
COC1=C(OC)C=C2CN(CCCCNC(=O)C3=CC=C(C=C3)C3=CN(CCOCCOCCF)N=N3)CCC2=C1,212
C(CCC1=CN(C2=NC=CS2)C2=CC=CC=C12)CN1CCC2(CC1)OCC1=C2C=CC=C1,0.19
COC1=CC2=C(CN(CCC3CCN(CC3)C(=O)C3=CC4=C(O3)C=CC(Br)=C4)CC2)C=C1OC,4.9
FC1=CC=C(C=C1)N1C(=O)N(CCCCN2CCN(CC2)C2=CC=C(F)C=C2)C2=CC=CC=C12,1.67
[O-][N+](=O)C1=CC=C(C=C1)C(=O)C1=CC=C(CNCCCN2CCN(CC2)C2=CC=C(F)C=C2)C=C1,33.97
CC(O)C1=CC=C2N(CCCCN3CCN(CC3)C3=CC=C(F)C=C3)C(=O)OC2=C1,8.68
COC1=CC=C2C(=O)N(CCCN3CCC4=CC(OC)=C(OC)C=C4C3)CCC2=C1,5.74
FC1=CC=C(C=C1)N1C=C(CCCCN2CCC3(CC2)OCC2=C3C=CC=C2C(F)(F)F)C2=C1C=CC=C2,2.6
CN1CC[C@]2(C[C@@H]1\C(=C/C1=CC=CC(I)=C1)C(=O)C2)C1=CC(O)=CC=C1,24
COC1=CC2=C(CN(CCCCCNC(=O)C3=CC4=C(O3)C=CC(Br)=C4)CC2)C=C1OC,6.2
COC1=C(OC)C=C2CN(CCCCNC(=O)C3=C(OC)C4=CC=CC=C4C(Br)=C3)CCC2=C1,17.6
FC1=CC=C(C=C1)N1CCN(CCCCN2C(=O)NC3=CC=CC=C23)CC1,29.6
COC1=CC2=C(CN(CC3CCN(CC3)C(=O)C3=CC4=C(O3)C=CC(I)=C4)CC2)C=C1OC,11
OC1=CC2=C(NC=C2C(=O)CN2CCC(CC3=CC=CC=C3)CC2)C=C1,76.5
CN1C(=O)N(CCCCN2CCN(CC2)C2=C(N)C=C(F)C=C2)C2=CC=CC=C12,3.59
FC1=CC=C(C=C1)C1CCN(CCCCC2=CN(C3=CC=CC=C23)C2=CC=C(F)C=C2)CC1,0.27
FC1=CC=C(C=C1)N1C=C(CCCCN2CCC3(CC2)OCCC2=C3C=CC=C2)C2=CC=CC=C12,0.9
COC1=C(NC(=O)OC2CC3CCCC(C2)N3C\C=C\C2=CC=C(N)C=C2)C=C(C)C=C1,3.6
CC1=CC=C(C=C1)S(=O)(=O)N1C=C(CCCCN2CCC3(CC2)OCC2=C3C=CC=C2)C2=CC=CC=C12,0.17
FC1=CC=C(C=C1)N1C=C(CCCCN2CCN(CC2)C2=CC=C(F)C=C2)C2=CC=CC=C12,7.5
CC(=O)C1=CC=C2N(CCCCN3CCN(CC3)C3=C(C=C(F)C=C3)[N+]([O-])=O)C(=O)OC2=C1,6.3
NC1=CC=C2N(CCCCN3CCN(CC3)C3=CC=C(F)C=C3)C(=O)OC2=C1,177.47
COC1=C(NC(=O)OC2CC3CCCC(C2)N3CCCCNCC2=CC=CC(I)=C2)C=C(C)C=C1,1.21
OC12C3C4C5C3C(C3C5CC4C13)N2CC1=CC=CC=N1,20
COC1=C(OC)C=C2CN(CCCCN3C=C(C4=COC=C4)C4=C3C=CC=C4)CCC2=C1,12.02
COC1=C(OC)C=C(C(=O)NCCCN2CCC3=CC(OC)=C(OC)C=C3C2)C(Br)=C1,50.9
COC1=C(NC(=O)OC2CC3CCCC(C2)N3CCC2=CC=CC=C2)C=C(C)C=C1,1.2
COC1=C(OC)C=C2CN(CCCCN3C(=O)OC4=CC=CC=C34)CCC2=C1,1.52
COC1=C(O)C(=CC=C1)C(=O)NCCCCN1CCC2=CC(OC)=C(OC)C=C2C1,1400
CN(CCC1=CC=CC=C1)C1C2C3CC4C5CC(C2C35)C14,16
COC1=C(OC)C=C2CN(CCCCNC(=O)C3=CC(C)=CC=C3OCCF)CCC2=C1,6.95
COC1=CC=C(OCCF)C(=C1)C(=O)NCCCCN1CCC2=CC(OC)=C(OC)C=C2C1,21.8
COC1=C(NC(=O)OC2CC3CCCC(C2)N3CCC2=CC=C(F)C=C2)C=C(C)C=C1,5.9
OC(CN1C2CCC1CC(C2)C1=CC=CC=C1)C1=CC=CC(Br)=C1,12.3
COC1=C(OC)C(=CC(Br)=C1)C(=O)NCCCCN1CCC2=CC3=C(OCCCO3)C=C2C1,32.6
OC12C3C4C5C3C(C3C5CC4C13)N2CCC1=CC=CC=N1,26.8
[H][C@@]12C[C@H]3C[C@H](CC)[C@]1([H])N(C3)CCC1=C2NC2=C1C=C(OC)C=C2,201
COC1=CC=CC2=C1CCCC2CCCN1CCN(CCCC2CCCC3=C(OC)C=CC=C23)CC1,120
COC1=C(NC(=O)OC2CC3CCCC(C2)N3CCCCCCCCCCNC2=CC=C(C3=NON=C23)[N+]([O-])=O)C=C(C)C=C1,11
[O-][N+](=O)C1=CC=C(C=C1)C(=O)C1=CC=C(CNCCCN2CCN(CC2)C2CCCCC2)C=C1,33.31
COC1=C(OC)C=C2CN(CCCCNC(=O)C3=CC(Br)=CC(OC)=C3OCCF)CCC2=C1,386
COC1=CC2=C(CN(CCCC3CCN(CC3)C(=O)C3=CC4=C(O3)C=CC(Br)=C4)CC2)C=C1OC,5.3
FC1=CC=C(C=C1)N1C=C(CCCCN2CCN(CC2)C2=CC=CC=C2)C2=CC=CC=C12,0.69
CN(CCCC1=CC=CC(F)=C1)C1C2C3CC4C5CC(C2C35)C14,11
COC1=C(OC)C=C2CN(CC3=CC=C(N3)C3=C(OC)C4=CC=CC=C4C(Br)=C3)CCC2=C1,26
COC1=C(NC(=O)OC2CC3CCCC(C2)N3CCCC2=CC=CC=C2)C=C(C)C=C1,2
C(CCC1=CN(C2=CC=CC=C12)C1=CC=NC=C1)CN1CCC2(CC1)OCC1=C2C=CC=C1,0.41
CN1CC[C@]2(C[C@@H]1\C(=C/C1=CC=C(I)C=C1)C(=O)C2)C1=CC(O)=CC=C1,52.6
C(CCC1=CN(C2=CC=CS2)C2=CC=CC=C12)CN1CCC2(CC1)OCC1=C2C=CC=C1,0.24
OC1CN(CCCC(=O)C2=CC=C(F)C=C2)CCC2=CC(O)=CC=C12,33
COC1=C(NC(=O)OC2CC3CCCC(C2)N3CCCCCCCC2=CC=CC=C2)C=C(C)C=C1,7.6
[H][C@@]12CS[C@H](CCCCC(=O)NCCCCCCN3C4CCCC3CC(C4)OC(=O)NC3=C(OC)C=CC(C)=C3)[C@]1([H])NC(=O)N2,114
COC1=C(NC(=O)OC2CC3CCCC(C2)N3CC2=CC=CC=C2)C=C(C)C=C1,3.1
CN(CCC1=CC=CC(F)=C1)C1C2C3CC4C5CC(C2C35)C14,39
OC1CN(CCCOC2=CC=CC=C2)CCC2=CC(O)=CC=C12,5.9
COC1=C2C=CC=CC2=C(Br)C=C1C(=O)NCCCCN1CCN(CC1)C1=CC=CC(Cl)=C1Cl,26.4
COC1=C(NC(=O)OC2CC3CCCC(C2)N3CCCCCCC2=CC=CC=C2)C=C(C)C=C1,7.6
O[C@@]12[C@H]3[C@@H]4[C@@H]5[C@H]3[C@@H]([C@H]3[C@@H]5C[C@@H]4[C@@H]13)N2CC1=CC=CC=C1,12
C(CCC1=CN(C2=CSC=C2)C2=C1C=CC=C2)CN1CCC2(CC1)OCC1=C2C=CC=C1,0.25
CC(=O)N1C=C(CCCCN2CCC3(CC2)OCC2=C3C=CC=C2)C2=CC=CC=C12,0.21
FC1=C(C=CC=C1)N1CCN(CCCN2C=CC3=C2C=CC=C3)CC1,9.9
COC1=C(NC(=O)OC2CC3CCCC(C2)N3CC2=CC=CC(I)=C2)C=C(C)C=C1,50.9
COC1=CC=CC(CN2C=C(N=N2)C2=CC=CC(=C2)C(=O)NCCCCN2CCC3=CC(OC)=C(OC)C=C3C2)=C1,66
CS(=O)(=O)N1C=C(CCCCN2CCC3(CC2)OCC2=C3C=CC=C2)C2=CC=CC=C12,0.05
[I-].COC1=C2CCCC(CCCN3CC[N+](C)(CC3)C3CCCCC3)C2=CC=C1,13
COC1=C(NC(=O)OC2CC3CCCC(C2)N3CCCCCCNC2=CC=C(C3=NON=C23)[N+]([O-])=O)C=C(C)C=C1,45
CC(F)C1=CC=C2N(CCCCN3CCN(CC3)C3=CC=C(F)C=C3)C(=O)OC2=C1,6.72
NC1=C2C=CC=C3C(=O)N(CCCCCCOC4=CC=CC5=C4CCCC5CCCN4CCN(CC4)C4CCCCC4)C(=O)C(C=C1)=C23,6.57
CC(=O)C1=CC=C2OC(=O)N(CCCCN3CCN(CC3)C3=CC=C(F)C=C3)C2=C1,1.21
COC1=CC2=C(CN(CCCCCNC(=O)C3=CC4=C(O3)C=CC(I)=C4)CC2)C=C1OC,8.9
FC1=CC=C(C=C1)N1CCN(CCCN2C=CC3=C2C=CC=C3)CC1,20
COC1=C(NC(=O)OC2CC3CCCC(C2)N3CCCCC2=CC=CC=C2)C=C(C)C=C1,2.9
OC1CN(CCC2=CC(O)=CC=C12)[C@H]1CC[C@@H](CC1)C1=CC=CC=C1,8.9
FC1=CC=C(C=C1)N1CCN(CCCCN2C=C(C3=CC=CC=C23)C2=CC=CC=C2)CC1,9.96
CN(CCCCC1=CN(C2=C1C=CC=C2)C1=CC=C(F)C=C1)CC1=CC=C(C)C=C1C,5.9
COC1=C(NC(=O)OC2CC3CCCC(C2)N3CCCCNCC2=CC=CC(Br)=C2)C=C(C)C=C1,3.06
O=C(N)C1=CC=C(N2N=C(C)C3=C2CC(C)(C)CC3=O)C=C1NC4CC(N5)CCCC5C4,46.6
C(CCN1CCC2(CC1)OCC1=C2C=CC=C1)CC1CCCCC1,0.07
COC1=C(NC(=O)OC2CC3CCCC(C2)N3CC2=CC=C(C=C2)[N+]([O-])=O)C=C(C)C=C1,25.2
FC1=CC=C(C=C1)N1C=C(CCCCN2CCC3(CC2)CC2=C(CO3)C=CC=C2)C2=CC=CC=C12,1.1
IC1=CC=C(C=C1)N1C=C(CCCCN2CCC(CC2)(C#N)C2=CC=CC=C2)C2=C1C=CC=C2,18.5
COC(=O)[C@]1(C[C@H]1CN1C2CCC1CC(O)(C2)C1=CC=C(Cl)C=C1)C1=CC=CC=C1,25.2
C(CN1C=CC2=C1C=CC=C2)CN1CCN(CC1)C1=CC=CC=C1,75
COC1=CC2=C(CN(CCCCCCNC(=O)C3=CC4=C(O3)C=CC(Br)=C4)CC2)C=C1OC,8
CN1C(=O)N(CCCCN2CCN(CC2)C2CCCCC2)C2=CC=CC=C12,2.57
COC1=C(OC)C=C2CN(CC3=CC=C(N3)C3=CC(Br)=CC(OC)=C3OC)C(C)CC2=C1,52
OC(CN1C2CCC1CC(C2)C1=CC=CC=C1)C1=C(Cl)C=CC=C1Cl,15.87
COC1=C(NC(=O)OC2CC3CCCC(C2)N3CCCCCCCCCCN)C=C(C)C=C1,7.07
COC1=C(NC(=O)OC2CC3CCCC(C2)N3CCC2=CC=C(C=C2)[N+]([O-])=O)C=C(C)C=C1,11.5
CCC(OC1=CC=C(Cl)C=C1)C(=O)OC1CC2CCC(C1)N2C,67.5
C(CCN1CCC(CC1)C1CCCCC1)CN1C2=CC=CC=C2C2=C1C=CC=C2,7.65
COC1=CC=C(CN2C3C4C5C6C4C2(O)C2C6CC5C32)C=C1OC,12.6
COC1=CC2=C(CN(CCCCN3C=C(CCF)C4=C3C=CC=C4)CC2)C=C1OC,27.5
FC1=CC=C(C=C1)N1C=C(CCCCN2CCC3(CC2)OCC2=C3C=C(F)C=C2)C2=C1C=CC=C2,0.31
COC1=C(NC(=O)OC2CC3CCCC(C2)N3CC2=CC=C(C)C=C2)C=C(C)C=C1,15.5
COC1=CC2=C(CCN(CCCCNC(=O)C3=CC4=C(O3)C=CC(I)=C4)C2)C=C1,35
COC1=CC2=C(CN(CCC3CCN(CC3)C(=O)C3=CC4=C(O3)C=CC(I)=C4)CC2)C=C1OC,10.6
COC1=CC2=C(CN(CCCCCNC(=O)C3=CC4=C(O3)C=CC(I)=C4)CC2)C=C1,4.4
CC(CCCN1C(=O)CSC2=CC=CC=C12)N1CCN(CC1)C1CCCCC1,5.45
C(CN1CCN(CC1)C1=CC=CC=N1)CC1=CC=CC=C1,4.91
COC1=CC=CC2=C1CCCC2CCCN1CCN(CC1)C(=O)C1CCCCC1,304
COC1=C(OC)C=C2CN(CCCCN3C(=S)SC4=CC=CC=C34)CCC2=C1,0.56
COC1=CC=C(CNCCCCC2=CN(C3=C2C=CC=C3)C2=CC=C(F)C=C2)C=C1OC,169
COC1=CC=CC2=C1CCC[C@@H]2NC(=O)CN1CCN(CC1)C1CCCCC1,5.92
CN(CCC1=NC=CC=C1)C1C2C3C4C2C(=O)C2C4CC3C12,633
COC1=C(NC(=O)OC2CC3CCCC(C2)N3CC2=CC=CC=C2)C=CC(Cl)=C1,63.5
COC1=C(OC)C(=CC(Br)=C1)C(=O)NCCCCN1CCC2=CC3=C(OCCO3)C=C2C1,21.7
COC1=C(NC(=O)OC2CC3CCCC(C2)N3CCCC2=CC=C(N)C=C2)C=C(C)C=C1,10.5
COC1=CC2=C(CN(CCCCN3C=C(C4=CC=CC=C34)C3=CC=CC=C3)CC2)C=C1OC,46.29
CN(CC1=CC=CC=C1)C1C2C3CC4C5CC(C2C35)C14,50
COC1=C(NC(=O)OC2CC3CCCC(C2)N3CC2=CC=C(I)C=C2)C=C(C)C=C1,30.6
COC1=C(NC(=O)OC2CC3CCCC(C2)N3CC=C)C=C(C)C=C1,85.9
FC1=CC=C(C=C1)N1CCN(CCCCN2C=C(C3=CC=CC=C23)C2=CC=C(F)C=C2)CC1,83.33
FC1=CC=C2N(CCCCN3CCN(CC3)C3CCCCC3)C(=S)SC2=C1,0.5
COC1=C(C=C(Br)C2=C1C=CC=C2)C(=O)NC1CC2CCCC(C1)N2C1CCCCC1,4.8
OC1CN(CCC2=CC(O)=CC=C12)[C@H]1CC[C@H](CC1)C1=CC=CC=C1,8.6
CC1=CC=CC=C1[C@@H]1CC[C@@H](CC1)N1CCN(CC1)C1=NC=CC=C1,71
COC1=C(NC(=O)OC2CC3CCCC(C2)N3CCF)C=C(C)C=C1,143
CN(CCC1=CC=CC=N1)C1C2C3CC4C5CC(C2C35)C14,32
FC1=CC=C(C=C1)N1C=C(CCCCN2CCC(CC2)C2CCCCC2)C2=CC=CC=C12,7.28
CN(CC1=CC(F)=CC=C1)C1C2C3CC4C5CC(C2C35)C14,117
O=C(N)C1=CC=C(N2N=C(C)C3=C2CC(C)(C)CC3=O)C=C1NCCCCCN4CC5=C(C=C(OC)C(OC)=C5)CC4,74.5
OC(CN1C2CCC1CC(C2)C1=CC=CC=C1)C1=CC(Cl)=C(Cl)C=C1,18.8
C1C[C@H](CC[C@H]1N1CCN(CC1)C1=NC=CC=C1)C1=CC=CC=C1,62
COC1=C(NC(=O)OC2CC3CCCC(C2)N3CC2=CC=CN=C2)C=C(C)C=C1,183.9
CC(CCCN1C(=O)OC2=CC(=CC=C12)C(C)=O)N1CCN(CC1)C1=CC=C(F)C=C1,2.15
COC1=C(NC(=O)OC2CC3CCCC(C2)N3CCCCCCNCC2=CC=CC(Br)=C2)C=C(C)C=C1,8.94
OC(CN1C2CCC1CC(C2)C1=CC=CC=C1)C1=C(Br)C=CC=C1,7.71
COC1=CC(NC(=O)OC2CC3CCCC(C2)N3CC2=CC=CC=C2)=C(OC)C=C1,26.8
COC1=CC(CN2C3C4C5C6C4C2(O)C2C6CC5C32)=CC=C1,26.8
COC1=C(C=C(Br)C2=C1C=CC=C2)C(=O)NC1CC2CCCC(C1)N2C1CCCCCC1,7.9
COC1=C(NC(=O)OC2CC3CCCC(C2)N3CCC2=CC=C(C)C=C2)C=C(C)C=C1,83
OC1=CC2=C(NC=C2C(=O)CN2CCC(CC2)C2=CC=CC=C2)C=C1,224
OC(CN1C2CCC1CC(C2)C1=CC=CC=C1)C1=CC(Br)=CC=C1,9.87
OC1=CC2=C(NC=C2C(=O)CN2CCC(O)(CC2)C2=CC=C(Cl)C=C2)C=C1,47
CCC(SC1=CC=C(Cl)C=C1)C(=O)OC1CC2CCC(C1)N2C,85
FC1=CC=CC(F)=C1[C@@H]1CC[C@@H](CC1)N1CCN(CC1)C1=NC=CC=C1,440
CC1(C)C2CC[C@]1(C)CN(CCC1CCCCCC1)C2,0.25
COC1=CC2=C(C=C1)C(CCCN1CCCCC1(C)C)=CC=C2,94
O=C(N)C1=CC=C(N2N=C(C)C3=C2CC(C)(C)CC3=O)C=C1NCCCN4CC5=C(C=C(OC)C(OC)=C5)CC4,89.8
FC1=CC(CCNC2C3C4CC5C6CC(C3C46)C25)=CC=C1,6
FC1=CC=C(C=C1)N1CCN(CCCCN2C(=O)OC3=CC=CC=C23)CC1,0.7
C(CCC1=CN(CC2=CC=CC=C2)C2=C1C=CC=C2)CN1CCC2(CC1)OCC1=C2C=CC=C1,0.48
COC1=CC(Br)=CC(C(=O)NCCCCN2CCN(CC2)C2=C(Cl)C(Cl)=CC=C2)=C1OC,75
COC1=CC2=C(CN(CCCCNC(=O)C3=CNN=N3)CC2)C=C1OC,1023
O=C1SC2=C(C=CC=C2)N1CCCCN1CCN(CC1)C1CCCCC1,0.39
COC1=CC2=C(NC=C2C(=O)CN2CCC(O)(CC2)C2=CC=C(Cl)C=C2)C=C1,7.5
FC1=CC=CC(CNC2C3C4CC5C6CC(C3C46)C25)=C1,19
COC1=CC2=C(CN(CCCCN3C=CC4=CC(=CC=C34)C(C)=O)CC2)C=C1OC,1.42
COC1=CC(OC)=C(NC(=O)OC2CC3CCCC(C2)N3CC2=CC=CC=C2)C=C1Cl,22.9
OC1CN(CCC2=CC(O)=CC=C12)C1CCN(CC1)C(=O)C1=CC=CC=C1,98
FC1=CC(CCCN2C3CCC2CC3)=CC=C1,11.9
FC1=CC=C(C=C1)N1C=C(CCCCN2CCC3(CC2)COCC2=C3C=CC=C2)C2=CC=CC=C12,0.34
CN(CCCCN(C)CCC1=CC=C(Cl)C(Cl)=C1)CCCCN1CCCC1,115
COC1=C(NC(=O)OC2CC3CCCC(C2)N3CCCCCC2=CC=CC=C2)C=C(C)C=C1,1.8
COC1=CC2=C(CN(CCCCNC(=O)C3=CC4=C(O3)C=CC(I)=C4)CC2)C=C1,133
COC1=C(NC(=O)OC2CC3CCCC(C2)N3CCC2=CC=C(C=C2)N(C)C)C=C(C)C=C1,195.2
COC1=C(NC(=O)OC2CC3CCCC(C2)N3CCC2=CC=C(CCF)C=C2)C=C(C)C=C1,275.8
COC1=C(OC)C=C(CN(C)C2C3C4CC5C6CC(C3C46)C25)C=C1,27
[I-].COC1=C2CCCC(CCC[N+]3(C)CCN(CC3)C3CCCCC3)C2=CC=C1,6.78
COC1=CC2=C(CN(CCCCN3C=C(CCCF)C4=C3C=CC=C4)CC2)C=C1OC,28.5
FC1=CC=C2N(CCCCN3CCN(CC3)C3CCCCC3)C(=O)SC2=C1,0.22
CC(CCCN1C(=S)SC2=CC=CC=C12)N1CCN(CC1)C1CCCCC1,0.99
FCCOC1=CC=C(C=C1)N1CCN(CCCCC2=CN(C3=C2C=CC=C3)C2=CC=C(F)C=C2)CC1,68
CN1C2CCC1CC(C2)OC(C1=CC=CC=C1)C1=CC=CC=C1,34.8
COC1=C(OC)C=C2CN(CCNC(=O)C3=C(OC)C4=CC=CC=C4C(Br)=C3)CCC2=C1,21.2
CC(C(=O)OC1CC2CCC(C1)N2C)C1=CC=C(Cl)C=C1,329
COC1=CC=CC(OC)=C1[C@@H]1CC[C@@H](CC1)N1CCN(CC1)C1=NC=CC=C1,687
CC1(C)C2CC[C@]1(C)CN(CCC1CCCCCCC1)C2,0.33
COC1=CC=CC(OC)=C1[C@H]1CC[C@@H](CC1)N1CCN(CC1)C1=NC=CC=C1,25
COC1=C2CCCC(CCCCN3CCN(CC3)C3=NCCCC3)C2=CC=C1,46.5
O=C(C1=CC=CC=C1)C1=CC=C(C=C1)N(CCCN1CCN(CC1)C1CCCCC1)CC#C,77
C(CCN1CCC2(CC1)OCC1=C2C=CC=C1)CN1C2=CC=CC=C2C2=C1C=CC=C2,3.24
O[C@@H](CN1CCC2(CCC3=CC=CC=C23)CC1)C1=CC(Br)=CC=C1,12.7
CN1CC2(CCN(C[C@H](O)CC3=CC=C(Br)C=C3)CC2)C2=CC=CC=C12,22.9
COC1=C(OC)C=C2CN(CCCNC(=O)CC3=CC=C(C=C3)C(=O)C3=CC=C(C=C3)[N+]([O-])=O)CCC2=C1,1202
[O-][N+](=O)C1=CC=C(NCCCCCCCCCCOC2=CC=CC3=C2CCCC3CCCN2CCN(CC2)C2CCCCC2)C2=NON=C12,31.2
OC12C3C4C5C3C(C3C5CC4C13)N2CCC1=CC=CN=C1,100
O=C(CN(CCCN1CCN(CC1)C1CCCCC1)CC#C)NC1=CC=C(C=C1)C(=O)C1=CC=CC=C1,2.11
COC1=CC=C(CN2C3CCCC2CC(C3)OC(=O)NC2=C(OC)C=CC(C)=C2)C=C1,40.7
COC1=CC2=C(CN(CCCC3CCN(CC3)C(=O)C3=CC4=C(O3)C=CC(I)=C4)CC2)C=C1OC,12.4
[O-][N+](=O)C1=CC=C(C=C1)C(=O)C1=CC=C(CN(CCCN2CCN(CC2)C2CCCCC2)CC#C)C=C1,3.78
CN(CCCCC1=CN(C2=C1C=CC=C2)C1=CC=C(F)C=C1)CC1=CC=CC(Cl)=C1,25.6
COC1=CC2=C(CCN(CCCCCNC(=O)C3=CC4=C(O3)C=CC(I)=C4)C2)C=C1,31
CC1(C)C2CC[C@]1(C)CN(CCC1CCCCC1)C2,0.28
[H][C@@]12CS[C@H](CCCCC(=O)NCCCCCC(=O)NCCCCCCN3C4CCCC3CC(C4)OC(=O)NC3=C(OC)C=CC(C)=C3)[C@]1([H])NC(=O)N2,1351
CN1C(=O)N(CCCCN2CCN(CC2)C2=CC=C(F)C=C2N=C=S)C2=CC=CC=C12,12.6
COC1=CC=CC2=C1CCCC2CCCN1CCC(CC1)C1CCCCC1,18.8
FC1=CC=C(N2CCN(CCCCN3C(=O)OC4=CC=CC=C34)CC2)C(F)=C1,1.96
C(CCN1CCN(CC1)C1CCCCC1)CN1C=C(C2=CC=CC=C12)C1=CC=CC=C1,12.3
COC1=CC2=C(CCCC2CCCN2CCN(CC2)C2CCCCC2)C=C1,1.22
C(CC1=CC=CC=N1)N1C2CCC1CC2,517
[O-][N+](=O)C1=CC=C(C=C1)C(=O)C1=CC=C(C=C1)C(=O)NCCCN1CCN(CCCNCC#C)CC1,60.14
C(CN1CCN(CC2=CC=CC=C2)CC1)CC(C1=CC=CC=C1)(C1=CC=CC=C1)C12CC3CC(CC(C3)C1)C2,13
CN(CCC1=CC=CC(F)=C1)[C@@H]1C2C3C4C2C(=O)C2C4CC3C12,55
COC1=CC=C(CN2C3C4C5C6C4C2(O)C2C6CC5C32)C=C1,27.3
COC1=CC2=C(CN(CC3CCN(CC3)C(=O)C3=CC4=C(O3)C=CC=C4)CC2)C=C1OC,44
[O-][N+](=O)C1=CC=C(NCCCCCCOC2=CC=CC3=C2CCCC3CCCN2CCN(CC2)C2CCCCC2)C2=NON=C12,10.8
ClC1=CC=CC=C1[C@@H]1CC[C@@H](CC1)N1CCN(CC1)C1=NC=CC=C1,150
O=C(N)C1=CC=C(N2N=C(C)C3=C2CC(C)(C)CC3=O)C=C1NCCCCN4CC5=C(C=C(OC)C(OC)=C5)CC4,142
COC1=C2CCCC(CCCN3CCN(CC3)C3=C4C=CC=CC4=CC=C3)C2=CC=C1,353
[H]C1(CC2CCC(C1)N2CC1=CC=CC=C1)OC(=O)NC1=CC(=CC=C1OC)[N+]([O-])=O,5.4
CN1C=C(CCCCN2CCC3(CC2)OCC2=CC=CC=C32)C2=C1C=CC=C2,0.3
COC1=CC=CC=C1CN1C2C3C4C5C3C1(O)C1C5CC4C21,27.3
COC1=C2CCCC(C(=O)NCCCN3CCC4=CC(OC)=C(OC)C=C4C3)C2=CC=C1,21.1
COC1=CC2=C(CCN(CCCCNC(=O)C3=CC(Br)=CC(OC)=C3OC)CC2)C=C1OC,734
COC1=C(NC(=O)OC2CC3CCCC(C2)N3CC2=CC=C(F)C=C2)C=C(C)C=C1,30
CC(=O)C1=CC=C2N(CCCCN3CCN(CC3)C3CCCCC3)C(=O)OC2=C1,7.04
COC1=CC2=C(CN(CCCCNC(=O)C3=CC(Br)=CC(OC)=C3OC)CCC2)C=C1OC,315
ClC1=CC=CC=C1[C@H]1CC[C@@H](CC1)N1CCN(CC1)C1=NC=CC=C1,29.1
FC1=CC=CC=C1N1CCN(CCCCN2C(=O)OC3=CC=CC=C23)CC1,2.79
OC(CN1C2CCC1CC(C2)C1=CC=CC=C1)CC1=CC=C(Br)C=C1,4.95
O[C@@]12[C@H]3[C@@H]4[C@@H]5[C@H]3[C@@H]([C@H]3[C@@H]5C[C@@H]4[C@@H]13)N2CC1=CC=CC(Cl)=C1,30
O=C1OC2=C(C=CC=C2)N1CCCCN1CCN(CC1)C1CCCCC1,1.83
C(CCC1=CNC2=C1C=CC=C2)CN1CCC2(CC1)OCC1=C2C=CC=C1,0.41
COC1=CC2=C(NC=C2C(=O)CN2CCC(O)(CC2)C2=CC=C(Br)C=C2)C=C1,10
COC1=CC2=C(CN(CC3CCN(CC3)C(=O)\C=C\C3=CC=CC=C3)CC2)C=C1OC,137
COC1=CC2=C(CN(CC3CCN(CC3)C(=O)C3=CC(Br)=CC(OC)=C3OC)CC2)C=C1OC,367
COC(=O)[C@@]1(C[C@@H]1CNC12CC3CC(CC(C3)C1)C2)C1=CC=CC=C1,39.4
CC1(C)C2CC[C@@]1(C)CN(CCC1CCCCC1)C2,0.23
S=C1OC2=C(C=CC=C2)N1CCCCN1CCN(CC1)C1CCCCC1,0.77
CC(=O)C1=CC=C2N(CCCCN3CCN(CC3)C3=CC=C(F)C=C3)C(=S)OC2=C1,1.88
C(CN1CCCCC1)CC1=CC=CC=C1,25
C(COC1CCCCC1)CN1CCC2(CC1)OCC1=C2C=CC=C1,0.07
CC(SC1=CC=C(Br)C=C1)C(=O)OC1CC2CCC(C1)N2C,321
FCCN1C=C(CCCCN2CCC3(CC2)OCC2=CC=CC=C32)C2=C1C=CC=C2,44
CC1(C)C2CC[C@]1(C)CN(CCC1C3CC4CC(C3)CC1C4)C2,0.77
FC1=CC=C(C=C1)N1CCN(CC2=CNC3=C2C=CC=C3)CC1,660
[H]C1(CC2CCC(C1)N2CC1=CC=CC=C1)OC(=O)NC1=CC(=CC=C1C)[N+]([O-])=O,3.1
FCCOC1=CC(=CC=C1)N1CCN(CCCCC2=CN(C3=C2C=CC=C3)C2=CC=C(F)C=C2)CC1,48.4
C(CC1=CC=CC=C1)NC1C2C3CC4C5CC(C2C35)C14,9.3
CN1CC2(CCN(C[C@H](O)C3=CC(Br)=CC=C3)CC2)C2=CC=CC=C12,99.2
[H][C@@]12CS[C@H](CCCCC(=O)NCCCCCC(=O)NCCCCCCCCCCN3C4CCCC3CC(C4)OC(=O)NC3=C(OC)C=CC(C)=C3)[C@]1([H])NC(=O)N2,733
CN(CCCN(C)CCC1=CC=C(Cl)C(Cl)=C1)CCCN1CCCC1,14.9
O[C@@]12[C@H]3[C@@H]4[C@@H]5[C@H]3[C@@H]([C@H]3[C@@H]5C[C@@H]4[C@@H]13)N2CC1=CC=CC(Br)=C1,40
CCC(SC1=CC=CC=C1)C(=O)OC1CC2CCC(C1)N2C,197.6
CC(C(=O)OC1CC2CCC(C1)N2C)C1=CC(Cl)=C(Cl)C=C1,310
FC1=CC=C(C=C1)N1C=C(CCN2CCC3(CC2)OCC2=C3C=CC=C2)C2=C1C=CC=C2,3
O[C@@]12[C@H]3[C@@H]4[C@@H]5[C@H]3[C@@H]([C@H]3[C@@H]5C[C@@H]4[C@@H]13)N2CC1=CC=CC(F)=C1,31
COC1=CC=CC(=C1)[C@@H]1CC[C@@H](CC1)N1CCN(CC1)C1=NC=CC=C1,36.1
COC1=CC2=C(NC=C2C(=O)CN2CCC(O)(CC2)C2=CC=CC=C2)C=C1,21
COC1=CC=CC2=C1CCCC2CCCNCC(=O)NC1CCCCC1,798
COC1=CC(OC)=CC(CN2C3C4C5C6C4C2(O)C2C6CC5C32)=C1,125
COC1=C(NC(=O)OC2CC3CCCC(C2)N3CC2=CC=CC=C2F)C=C(C)C=C1,206
C(NC1C2C3CC4C5CC(C2C35)C14)C1=CC=CN=C1,105
CN(CCC1=CC=CC=C1)C1C2C3C4C2C(=O)C2C4CC3C12,172
COC1=CC2=C(CN(CCCCC3=CN(C4=C3C=CC=C4)C3=CC=C(F)C=C3)C2)C=C1OC,53.8
C[C@H](OC1=CC=C(F)C=C1)C(=O)OC1CC2CCC(C1)N2C,76
OC1=CC2=C(NC=C2C(=O)CN2CCC(O)(CC2)C2=CC=CC=C2)C=C1,658
O=C(C1CCN(C2CC3=C(C(O)=CC=C3)CC2O)CC1)C4=CC=C(F)C=C4,1851
CC(SC1=CC=CC=C1)C(=O)OC1CC2CCC(C1)N2C,317
CC(COC1CC2CCC(C1)N2C)C1=CC=C(Br)C=C1,68.7
CC1(C)C2CC[C@]1(C)CN(CCCC1CCCCC1)C2,0.56
[O-][N+](=O)C1=CC=C2N(CCCCN3CCN(CC3)C3CCCCC3)C(=O)OC2=C1,2.46
[H]C1(CC2CCC(C1)N2CC1=CC=CC=C1)OC(=O)NC1=CC(C)=CC=C1OC,3.2
CN(CCCC1=CC(F)=CC=C1)[C@@H]1C2C3C4C2C(=O)C2C4CC3C12,30
O=C1SC2=C(C=CC=C2)N1CCCCCCN1CCN(CC1)C1CCCCC1,1.49
COC1=C(NC(=O)OC2CC3CCCC(C2)N3CC2=CC=C(F)N=C2)C=C(C)C=C1,571.5
CC(=O)C1=CC=C2N(CCCCN3CCC(=CC3)C3=CC=C(F)C=C3)C(=O)OC2=C1,0.66
COC1=C(NC(=O)OC2CC3CCCC(C2)N3CCCCCCNCC2=CC=C(Br)C=C2)C=C(C)C=C1,9.93
COC1=CC=CC2=C1CCCC2CCCCCN1CCN(CC1)C1CCCCC1,0.35
[H]C1(CC2CCC(C1)N2CC1=CC=CC=C1)OC(=O)NC1=CC(Cl)=C(OC)C=C1OC,7.3
FC1=CC=C(C=C1)N1CCN(CCCCC2=CNC3=C2C=CC=C3)CC1,1.3
FC1=CC=C(C=C1)N1C=C(CCCCN2CCC3(CC2)OCC2=C3C=C(C=C2)C(F)(F)F)C2=C1C=CC=C2,7
COC1=CC2=C(CN(CC3CCN(CC3)C(=O)C3=CC4=C(N3)C=CC=C4)CC2)C=C1OC,88
O=C1CCC2=CC=CN=C2N1CCCN1CCN(CC1)C1CCCCC1,16.1
C(CCN1CCN(CC1)C1CCCCC1)CCC1=CC=CC2=C1C=CC=C2,0.57
CCC1=C(NC(=O)OC2CC3CCCC(C2)N3CC2=CC=CC=C2)C=C(C=C1)C(C)C,5.9
[O-][N+](=O)C1=CC=C(C=C1)C(=O)C1=CC=C(CN(CCCN2CCN(CC2)C2=CC=C(F)C=C2)CC#C)C=C1,69.43
CC1=CC2=C(C=C1)C1(CCN(CCCCC3=CN(C4=C3C=CC=C4)C3=CC=C(F)C=C3)CC1)OC2,2.3
COC1=CC2=C(CN(CC3CCN(CC3)C(=O)C3=CC=CC4=C3C=CC=C4)CC2)C=C1OC,115
[O-][N+](=O)C1=CC=C2CCN(CCCCN3C(=O)C4=C(C=CC=C4)C3=O)CC2=C1,21.26
[H]N(CC1=CC=CC=C1)C1C2C3CC4C5CC(C2C35)C14,19
C(CCN1CCC2(CC1)OCC1=CC=CC=C21)CCC1=CC=CC=C1,0.2
COC1=C(NC(=O)OC2CC3CCCC(C2)N3CC2=CC=CC=C2)C=C(C=C1)[N+]([O-])=O,16.7
FC1=CC=C(C=C1)C1=CN(CCCCN2CCN(CC2)C2CCCCC2)C2=CC=CC=C12,22.55
CC(=O)C1=CC=C2N(CCCCN3CCN(CC3)C3=CC=C(F)C=C3)C(=O)COC2=C1,6.34
CN1CCC2(CC1\C(=C/C1=CC=C(Cl)C=C1)C(=O)C2)C1=CC(O)=CC=C1,9.5
COC1=C(OC)C(=CC(Br)=C1)C(=O)NCCCCN1CCC2=CC3=C(OCO3)C=C2C1,20.7
[H]C1(CC2CCC(C1)N2CC1=CC=CC=C1)OC(=O)NC1=CC=C(C=C1OC)[N+]([O-])=O,2
CC(=O)C1=CC=C2OC(=O)N(CCCCN3CCN(CC3)C3CCCCC3)C2=C1,10.41
CC(=O)C1=CC=C2N(CCCCN3CCN(CC3)C3=CC=C(F)C=C3)C(=O)OC2=C1,6.89
C1C[C@@H](CC[C@H]1N1CCN(CC1)C1=NC=CC=C1)C1=CC=CC=C1,26.9
COC1=C(NC(=O)OC2CC3CCCC(C2)N3CC2=CC=CC=C2)C=CC(=C1)[N+]([O-])=O,5.5
ICCCCN(CCCN1CCN(CC1)C1CCCCC1)CC(=O)NC1=CC=C(C=C1)C(=O)C1=CC=CC=C1,44.71
FC1=CC=C(C=C1)C(=O)CN1C2CCC1CC(C2)C1=CC=CC=C1,73.33
COC1=C(OC)C=C(CNC2C3C4CC5C6CC(C3C46)C25)C=C1,25
C(CSC1CCCCC1)CN1CCC2(CC1)OCC1=CC=CC=C21,0.26
CCN(CCCCC1=CN(C2=C1C=CC=C2)C1=CC=C(F)C=C1)[C@@H]1CCC2=C1C=CC(OC)=C2OC,35.2
FC1=CC=C(C=C1)N1C=C(CCCN2CCC3(CC2)OCC2=C3C=CC=C2)C2=C1C=CC=C2,2.8
COC1=CC=C(CCN2C3CCCC2CC(C3)OC(=O)NC2=C(OC)C=CC(C)=C2)C=C1,125.8
COC1=C2C=CC=CC2=C(Br)C=C1C1=CC=C(CN2CC3=CC=CC=C3C2)N1,87
FC1=CC=C(C=C1)N1C=C(CCCCN2CCC3(CC2)CCC2=C(O3)C=CC=C2)C2=CC=CC=C12,23
FC1=CC(CCN2C3CCC2CC3)=CC=C1,29.5
C(CCN1CCN(CC1)C1CCCCC1)CN1C=C(C2=COC=C2)C2=CC=CC=C12,10.07
C(CN1CCN(CC1)C1CCCCC1)CC(C1=CC=CC=C1)(C1=CC=CC=C1)C12CC3CC(CC(C3)C1)C2,4.4
CN(CC1=CC2=C(OCO2)C=C1)C1C2C3CC4C5CC(C2C35)C14,62
CC(C1(CCN(CC1)[C@H]2[C@@H](CC[C@@H](C2)OCC3=CC=C(C=C3)F)O)C4=CC=CC=C4)=O,18.8
CN1C(=O)N(CCCCN2CCN(CC2)C2=CC=C(F)C=C2)C2=CC(=CC=C12)[N+]([O-])=O,4.72
COC1=CC=CC2=C1CCCC2CCCCCN1CCC(CC1)C1CCCCC1,72.3
FC1=CC=C(C=C1)C1=CCN(CCCCC2=CNC3=C2C=CC=C3)CC1,2.3
OC1=CC2=C(NC=C2C(=O)CN2CCC(O)(CC2)C2=CC=C(Br)C=C2)C=C1,57
CN1C(=O)N(CCCCN2CCN(CC2)C2=CC=C(F)C=C2)C2=CC(=CC=C12)N=C=S,30.1
O[C@H]1CCCC[C@@H]1N1C2CCC1CC(C2)C1=CC=CC=C1,118
O[C@@H]1CC2=CC=CC=C2C[C@H]1N1CCC(CC1)C1=CC(I)=CC=C1,46.7
CN(CCCN1C(=O)OC2=CC3=C(C=C12)C(CC3=O)C1=CC=C(Cl)C=C1)CC1=CC=CC=C1,50
C(CN1CCN(CC1)C1CCCCC1)CC1=CC=CC2=C1C=CC=C2,0.69
O[C@@]12[C@H]3[C@@H]4[C@@H]5[C@H]3[C@@H]([C@H]3[C@@H]5C[C@@H]4[C@@H]13)N2CC1=CC=CC(I)=C1,54
C(CCC1=CNC2=C1C=CC=C2)CN1CCC(CC1)C1=CC=CC=C1,0.48
OC12C3C4C5C3C(C3C5CC4C13)N2CC1=CC=CN=C1,3234
COC1=C(OC)C=C2CN(CC(=O)NCC3=CN(C4=C3C=CC=C4)C3=CC=C(F)C=C3)CCC2=C1,1623
OC12C3C4C5C3C(C3C5CC4C13)N2CC1CCCCC1,2.2
COC1=CC=C(C=C1)[C@@H]1CC[C@@H](CC1)N1CCN(CC1)C1=NC=CC=C1,63.8
COC1=C(NC(=O)OC2CC3CCCC(C2)N3CC2=CC=NC=C2)C=C(C)C=C1,521.6
C(CCN1CCCC2=CC=CN=C12)CN1CCN(CC1)C1CCCCC1,1.64
CCCC1=CC=C2N(CCN3CCN(CC3)C3CCCCC3)C(=O)SC2=C1,4.85
[I-].[I-].COC1=CC=CC2=C1CCCC2CCC[N+]1(C)CC[N+](C)(CC1)C1CCCCC1,1710
OC12C3C4C5C3C(C3C5CC4C13)N2CC1=CC=NC=C1,514
COC1=C(C=C(Br)C2=C1C=CC=C2)C(=O)N[C@H]1CCN(C1)C1C2CCCC1CCC2,137
COC1=CC=CC2=C1CCC[C@@H]2NC(=O)CN1CCC2=CC(OC)=C(OC)C=C2C1,1761
COC1=C(NC(=O)OC2CC3CCCC(C2)N3CCCCCCNC(=O)C2=CC=C(Br)C=C2)C=C(C)C=C1,719
CN(CCCC1=CC=CC=C1)[C@@H]1CCCC[C@H]1O,6.7
COC1=CC=CC2=C1CCCC2NCCN1CCN(CC1)C1CCCCC1,8.49
COC1=C(O)C(=CC=C1)C(=O)NCCCCN1CCC2=CC=C(C=C2C1)[N+]([O-])=O,4000
COC1=CC=CC(=C1)[C@]12CCN(C)[C@H](C1)\C(=C/C1=CC=CC=C1)C(=O)C2,52
COC1=CC=CC2=C1CCCC2NC(=O)CN1CCC2=CC(OC)=C(OC)C=C2C1,1800
CC(CCCN1C(=O)SC2=CC=CC=C12)N1CCN(CC1)C1CCCCC1,3.15
FC1=CC(CCCNC2C3C4CC5C6CC(C3C46)C25)=CC=C1,9
CC(=O)NC1=CC=C2N(CCCCN3CCN(CC3)C3CCCCC3)C(=O)OC2=C1,77.37
COC1=CC=CC2=C1CCC[C@@H]2NCCN1CCN(CC1)C1CCCCC1,8.52
CC1(C)C2CC[C@]1(C)CN(C2)C1CCCCC1,1.1
CC(C(=O)OC1CC2CCC(C1)N2C)C1=CC=C(Br)C=C1,614
FC1=CC=C(C=C1)N1CCN(CN2C=C(CN3CCN(CC3)C3=CC=C(F)C=C3)C3=C2C=CC=C3)CC1,1000
CC(OC1=CC=C(Br)C=C1)C(=O)OC1CC2CCC(C1)N2C,373.3
CCN(CCCCC1=CN(C2=C1C=CC=C2)C1=CC=C(F)C=C1)[C@H]1CCC2=C1C=CC(OC)=C2OC,19
C(CCCC1=CC=CC=C1)CCN1CCC2(CC1)OCC1=CC=CC=C21,0.2
CC(OC1=CC(Cl)=C(Cl)C=C1)C(=O)OC1CC2CCC(C1)N2C,320
CN(CC1=CC=CC=C1)[C@@H]1C2C3C4C2C(=O)C2C4CC3C12,217
COC1=CC=CC2=C1CCC[C@H]2NC(=O)CN1CCC2=CC(OC)=C(OC)C=C2C1,1946
O=C(CCCC[C@@H]1SCC2NC(=O)NC12)NCCCN(CCCN1CCN(CC1)C1CCCCC1)CC(=O)NC1=CC=C(C=C1)C(=O)C1=CC=CC=C1,86.54
[H]C1(CC2CCC(C1)N2CC1=CC=CC=C1)OC(=O)NC1=CC=C(Cl)C=C1OC,10.1
C(CC1CCCC2=CC=CC=C12)CN1CCN(CC1)C1=NCCCC1,43.8
CN(CCCC1=CN(C2=C1C=CC=C2)C1=CC=C(F)C=C1)CC1=CC=C(C)C=C1C,46.9
COC1=C(NC(=O)OC2CC3CCCC(C2)N3CCCCCCNC(=O)C2=CC=C(F)C=C2)C=C(C)C=C1,497
C(CC1=CC=CC=N1)NC1C2C3CC4C5CC(C2C35)C14,8.6
CC(OC1=CC=C(Cl)C=C1)C(=O)OC1CC2CCC(C1)N2C,400.2
FC1=CC=C(C=C1)C1CCN(CCCCN2C3=CC=CC=C3C3=C2C=CC=C3)CC1,11.7
COC1=CC2=C(CN(CC3CCN(CC3)C(=O)C3=CNC4=C3C=C(Br)C=C4)CC2)C=C1OC,160
[O-][N+](=O)C1=CC=C(NCCOCCOC2=CC=CC3=C2CCCC3CCCN2CCN(CC2)C2CCCCC2)C2=NON=C12,39.3
O=C1OC2=CC=CC=C2N1CCCCN1CCN(CC1)C1=CC=CC=N1,128.1
COC1=C(OC)C(=CC(Br)=C1)C1=NC=C(CN2CCC(CC3=CC=CC=C3)CC2)N1,412
FCCOCCOC1=CC=C(C=C1)N1CCN(CCCCC2=CN(C3=C2C=CC=C3)C2=CC=C(F)C=C2)CC1,458
COC1=CC(CNCCCCC2=CN(C3=C2C=CC=C3)C2=CC=C(F)C=C2)=CC=C1,227
OCC1(CC1CNC12CC3CC(CC(C3)C1)C2)C1=CC=CC=C1,2.22
CC1(C)C2CC[C@]1(C)CN(CCC1CCCC1)C2,0.7
COC1=CC(I)=CC(C(=O)NC2CC3CCCC(C2)N3CC2=CC=CC=C2)=C1OC,419.3
OC12C3C4C5C3C(C3C5CC4C13)N2CCCC1=CC=CC(F)=C1,6.3
FC1=CC=C(C=C1)N1C(=O)N(CCCCN2CCN(CC2)C2CCCCC2)C2=CC=CC=C12,2.12
CC1=CC=CC(NC(=O)OC2CC3CCCC(C2)N3CC2=CC=CC=C2)=C1C,4.9
FC1=CC=C(C=C1)N1C=C(CCCCN2CCC3(CCOC4=C3C=CC=C4)CC2)C2=CC=CC=C12,3
S=C1SC2=C(C=CC=C2)N1CCCCN1CCN(CC1)C1CCCCC1,0.55
CC(=O)C1=CC=C2N(CCCCN3CCN(CC3)C3CCCCC3)C=CC2=C1,2.31
CCC(COC1CC2CCC(C1)N2C)OC1=CC=C(Cl)C=C1,98.5
FC1=CC=C(C=C1)C(=O)CCCN1C2CCC1CC(C2)C1=CC=CC=C1,15.36
COC1=C(C=C(Br)C2=C1C=CC=C2)C(=O)NC1CCN(CC1)C1C2CC3CC(C2)CC1C3,55
COC1=C(OC)C=C(CN(C)[C@@H]2C3C4C5C3C(=O)C3C5CC4C23)C=C1,471
COC(=O)C1(CC1CNC(C)C12CC3CC(CC(C3)C1)C2)C1=CC=CC=C1,45.2
COC1=C(OC)C=C2CN(CC3=CC=C(N3)C3=CC(Br)=CC(OC)=C3OC)CCC2=C1,460
[H]C1(CC2CCC(C1)N2CC1=CC=CC=C1)OC(=O)NC1=CC=C(Br)C=C1,2.9
FC1=CC=C(C=C1)N1CCN(CCCN2C(=O)C3=CC=CC=C3C2=O)CC1,741.67
CCN(CCCCC1=CN(C2=C1C=CC=C2)C1=CC=C(F)C=C1)C1CCC2=C1C=CC(OC)=C2OC,27.6
COC1=C2CCCC(C(=O)NCCCN3CCN(CC3)C3CCCCC3)C2=CC=C1,16.5
CC(=O)C1=CC=C2N(CC3CCCC(C3)N3CCN(CC3)C3=CC=C(F)C=C3)C(=O)OC2=C1,5.99
C(CC1=CC=CC=C1)N1C2CCC1CC2,131
CC(C)C(SC1=CC=C(Cl)C=C1)C(=O)OC1CC2CCC(C1)N2C,332
C(NC1C2C3CC4C5CC(C2C35)C14)C1CCCCC1,1.9
O=C1SC2=C(C=CC=C2)N1CCN1CCN(CC1)C1CCCCC1,2.25
[H]C1(CC2CCC(C1)N2CC1=CC=CC=C1)OC(=O)NC1=CC=C(CC)C=C1,12.1
CC(=O)C1=CC=C2N(CCCCN3CCCN(CC3)C3=CC=C(F)C=C3)C(=O)OC2=C1,50.6
CN(CCN(C)CCN1CCCC1)CCN(C)CCC1=CC(Cl)=C(Cl)C=C1,53.6
O=C1SC2=C(C=CC=C2)N1CCCCCN1CCN(CC1)C1CCCCC1,2.44
CC1(C)CCCN(CC2=CC3=CC=CC=C3O2)C1,1810
[H]OC1=CC=CC2=C1CCCC2CCCN1CCN(CC1)C1CCCCC1,2.66
CCCCN1CCN(CC2=CC=C(C=C2)C2=CC=CC=C2)[C@@H](CCO)C1,230
COC1=CC=CC2=C1CCC[C@H]2NC(=O)CN1CCN(CC1)C1CCCCC1,10.1
COC1=C(OC)C=C2C(C)N(CC3=CC=C(N3)C3=CC(Br)=CC(OC)=C3OC)CCC2=C1,500
CC1=CC=C(C=C1)N1CCN(CCCCN2C(=O)OC3=CC=CC=C23)CC1,107.02
O=C(O[C@H](C1=CC=C(F)C=C1)CCCN2CCC(O)(C3=CC=C(Cl)C=C3)CC2)CCCC4=CC=CC=C4,118
C(CC1=CC=CC=C1)N1CCN(CC1)C1=CC=CC=N1,170
[H]C1(CC2CCC(C1)N2CC1=CC=CC=C1)OC(=O)NC1=CC=C(Cl)C(Cl)=C1,28.3
COC1=C(OC)C2=C(C=C1)C(CC2)NCCCCC1=CN(C2=C1C=CC=C2)C1=CC=C(F)C=C1,115
CC1(C)CCCN(CCCC2CCCC3=CC=CC=C23)C1,135
CCCC1=CC=C2N(CCN3CCN(CC3)C3CCCCC3)C(=O)OC2=C1,4.02
O=C1SC2=C(C=CC=C2)N1CCCN1CCN(CC1)C1CCCCC1,3.05
CC(=O)NC1=CC=C2N(CCCCN3CCN(CC3)C3=CC=C(F)C=C3)C(=O)OC2=C1,48.13
COC1=CC=CC2=C1C=CC=C2NC(=O)CN1CCN(CC1)C1CCCCC1,23.2
CN1CC2(CCN(CCCC(=O)C3=CC=C(F)C=C3)CC2)C2=CC=CC=C12,60.8
OCC[C@H]1CN(CC2CCCCC2)CCN1CC1=C2C=CC=CC2=CC=C1,16
CCC(=O)C1=CC=C2N(CCN3CCN(CC3)C3CCCCC3)C(=O)SC2=C1,3.73
CN(CC1=CC(F)=CC=C1)[C@@H]1C2C3C4C2C(=O)C2C4CC3C12,168
O=C1OC2=C(C=CC=C2)N1CCCCCN1CCN(CC1)C1CCCCC1,5.89
CC1(C)CCCN(CCCC2=CC=CC3=C2C=C(O)C=C3)C1,412
FC1=CC=C(C=C1)N1CCN(CCCCN2C=C(C3=COC=C3)C3=C2C=CC=C3)CC1,157
O=C(C1=CC=C(C=C1)F)NC2=C3C[C@H]([C@@H](CC3=CC=C2)O)N4CCC(CC4)C5=CC=CC=C5,3623
CC1(C)CCCN(CCC2CCCC3=CC=CC=C23)C1,41.1
BrC1=CC=C2N(CCCCN3CCN(CC3)C3CCCCC3)C(=O)OC2=C1,4.47
COC1=CC2=C(CN(CC3CCN(CC3)C(=O)C3=CC=C(Br)C(C)=C3)CC2)C=C1OC,44
COC1=C(C=C(C)C=C1)C(=O)NCCCN1CCN(CC1)C1CCCCC1,26.1
C(CCN1CCN(CC1)C1CCCCC1)CN1C=CC2=CC=CC=C12,1.9
COC1=CC(CN(C)C2C3C4CC5C6CC(C3C46)C25)=CC(OC)=C1OC,714
COC1=CC=CC(=C1)C12CCN(C)C(C1)\C(=C/C1=CC=CC=C1)C(=O)C2,81.7
OC12C3C4C5C3C(C3C5CC4C13)N2CC1=CC=C2OCOC2=C1,259
O=C(C1=CC=C(F)C=C1)CCCCN2CCC(CO)CC2,90.6
OC1(CCN(CCC[C@@H](OC(=O)CCCC2=CC=CC=C2)C2=CC=C(F)C=C2)CC1)C1=CC=C(Cl)C=C1,52.7
COC1=CC=CC=C1[C@@H]1CC[C@@H](CC1)N1CCN(CC1)C1=NC=CC=C1,242
CN(CCCN1CCCC1)CCN(C)CC1=CC(Cl)=C(Cl)C=C1,18.3
COC1=CC(CNC2C3C4CC5C6CC(C3C46)C25)=CC(OC)=C1OC,627
O=C1OC2=CC=CC=C2N1CCCCN1CCN(CC1)C1=CC=CC=C1,11.44
FC1=CC=C(C=C1)N1C=C(CCCCN2CCC3(CC2)OC2=C(O3)C=CC=C2)C2=CC=CC=C12,270
CSC1=CC=CC(NC(=O)OC2CC3CCCC(C2)N3CC2=CC=CC=C2)=C1,8.4
CC1=CC=CC(C)=C1C1CCC(=CC1)N1CCN(CC1)C1=NC=CC=C1,113
OC(CN1C2CCC1CC(C2)C1=CC=CC=C1)C1=CC=C(Br)C=C1,11.28
COC1=CC2=C(C=C1)C(CCCN1CCCCC1(C)C)CCC2,115
OC1(CCN(CCCC(OC(=O)CCCC2=CC=CC=C2)C2=CC=C(F)C=C2)CC1)C1=CC=C(Cl)C=C1,105
O[C@@H]1CC2=C(C=CC=C2)C[C@H]1N(CC3)CCC3N4CCCCC4,161
CCCCC1=CC=C(NC(=O)OC2CC3CCCC(C2)N3CC2=CC=CC=C2)C=C1,26.4
OC1CN(CCCS(=O)(=O)C2=CC=CC=C2)CCC2=CC(O)=CC=C12,653
OC1CN(CCC2=CC(O)=CC=C12)C1CCC2(CC1)OCCO2,658
O=C1OC2=C(C=CC=C2)N1CCCCCCN1CCN(CC1)C1CCCCC1,3.06
CC1(C)CCCN(CCCC2=C3C=COC3=CC=C2)C1,42.3
C(NC1C2C3CC4C5CC(C2C35)C14)C12C3C4C5C3C1C5C24,2
COC1=CC=CC2=C1CCCC2CCCN1CCN(CC1)C1CCN(CCCCCCNC2=CC=C(C3=NON=C23)[N+]([O-])=O)CC1,1720
CCCCCCCC1=CC=C2N(CCCCN3CCN(CC3)C3CCCCC3)C(=O)SC2=C1,29.29
COC1=CC=C(NC2=CC=C3C[C@@H]4C5CCCC[C@]5(CCN4CC4CC4)C3=C2)C=C1,73
CN1CCC2(CC1\C(=C/C1=CC=CC(Cl)=C1)C(=O)C2)C1=CC(O)=CC=C1,34.5
[Br-].CCN(CC)C1=CC=C2C=C(\C=C\C3=[N+](CCCCCC(=O)NCCCCCCOC4=CC=CC5=C4CCCC5CCCN4CCN(CC4)C4CCCCC4)C4=CC=CC=C4C3(C)C)C(=O)OC2=C1,161
CC1=CC=C(C=C1)C(=O)C1=CC=C(CCCN(CCCN2CCN(CC2)C2CCCCC2)CC#C)C=C1,17.37
CC(OC1=CC=C(C=C1)C(C)(C)C)C(=O)OC1CC2CCC(C1)N2C,275
CC(=O)N(CCCN1CCN(CC1)C1CCCCC1)C1=CC=CC=N1,246
C[C@H]1CN(C[C@@H](C)N1CCCCN1C(=O)OC2=CC(=CC=C12)C(C)=O)C1=CC=C(F)C=C1,14.9
CN(CCN(C)CCN(C)CCC1=CC=C(Cl)C(Cl)=C1)CCN(C)CCN1CCCC1,162
O=C(C1=CC=C(F)C=C1)C2CCN([C@@H]3CC(C=CC=C4OCCF)=C4C[C@H]3O)CC2,7145
COC1=C(NC(=O)OC2CC3CCCC(C2)N3CCCCCCNC(=O)C2=CC=C(I)C=C2)C=C(C)C=C1,1009
FC1=CC(CNC23OC4C5C6C(C25)C2CC6C4C32)=CC=C1,1642
FC1=CC=CC(F)=C1[C@H]1CC[C@@H](CC1)N1CCN(CC1)C1=NC=CC=C1,138
COC1=C(C=CC=C1)C1CCN(CCCCC2=CNC3=C2C=CC=C3)CC1,3.3
COC1=C(OC)C=C2CN(CCCCC(=O)C3=CC=C(F)C=C3)CCC2=C1,12.4
OC[C@@]1(C[C@@H]1CNC12CC3CC(CC(C3)C1)C2)C1=CC=CC=C1,8.8
COC1=C(OC)C(=CC(Br)=C1)C1=NC=C(CN2CCC(CC2)C2=CC=CC=C2)N1,412
COC1=CC=C(C=C1)[C@H]1CC[C@@H](CC1)N1CCN(CC1)C1=NC=CC=C1,222
COC1=CC=NC(=C1)N(CCCN1CCN(CC1)C1CCCCC1)C(C)=O,309
COC1=CC=CC2=C1OCCC2CCCN1CCN(CC1)C1CCCCC1,9.72
COC1=CC=CC2=C1CCC[C@@H]2CCCN1CCN(CC1)C1CCCCC1,0.49
O[C@H]1[C@@H](C[C@H](CC1)OCC2=CC=C(C=C2)F)N3CC4=C(CC3)C=CC=C4,45.9
COC1=C2CCCC(CCCN3CCN(CC3)C3=CC=CC(Cl)=C3)C2=CC=C1,59.3
O=C(C1=CC=C(F)C=C1)C2CCN([C@H]3CC(C(OCCF)=CC=C4)=C4C[C@@H]3O)CC2,7800
O=C1OC2=C(C=CC=C2)N1CCN1CCN(CC1)C1CCCCC1,5.43
COC1=C(OC)C(=CC(Br)=C1)C1=CC=C(CN2CC3=CC=CC=C3C2)N1,307
COC1=CC(CCN2CCN(CCCC3=CC=CC=C3)CC2)=CC=C1OCC4=CC=CC=C4,16.43
O[C@@H]1CCN(CC2=CC(I)=CC=C2)C[C@H]1N1CCC2(CCC3=CC=CC=C23)CC1,224
COC1=C(NC(=O)OC2CC3CCCC(C2)N3CCC2=CC=C(I)C=C2)C=C(C)C=C1,141
OC(CN1C2CCC1CC(C2)C1=CC=CC=C1)C1=CC=CC=C1,32.7
C(C1CCCCC1)N1C2CCC1CC2,18
O=C(C1=CC=C(C=C1NCCN2CC3=C(CC2)C=C(C(OC)=C3)OC)N4N=C(C5=C4CC(C)(CC5=O)C)C)N,820
COC1=CC(Br)=CC(C(=O)NCCCN2CCN(CC2)C2CCCCC2)=C1OC,21.2
COC1=CC2=C(C=C1)C(CCCN1[C@@H](C)CCC[C@H]1C)CCC2,90.9
CC(COC1CC2CCC(C1)N2C)OC1=CC=C(Cl)C=C1,100
BrC1=CC=C(NC(=O)OC2CC3CCCC(C2)N3CC2=CC=CC=C2)C=C1,10.9
COC1=C(C=C(Br)C2=C1C=CC=C2)C(=O)NC[C@H]1CCCN1C1C2CC3CC(C2)CC1C3,317
CC1(C)CCCN(CCCCCN2C3=C(C=CC=C3)C3=C2C=CC=C3)C1,117
CCC1=CC=C(NC(=O)OC2CC3CCCC(C2)N3CC2=CC=CC=C2)C=C1,14.6
CC(C1(CCN(CC1)[C@H]2[C@@H](C[C@@H](CC2)OCC3=CC=C(C=C3)F)O)C4=CC=CC=C4)=O,103
OC(CCCN1CCC(O)(CC1)C1=CC=C(Cl)C=C1)C1=CC=C(F)C=C1,2
FCCOCCOCCOC1=CC=C(C=C1)N1CCN(CCCCC2=CN(C3=C2C=CC=C3)C2=CC=C(F)C=C2)CC1,1879
C(NC1C2C3CC4C5CC(C2C35)C14)C1=CC2=C(OCO2)C=C1,15
COC1=CC=CC(=C1)[C@H]1CC[C@@H](CC1)N1CCN(CC1)C1=NC=CC=C1,21.9
CC(C)(C)C1=CC=C(C=C1)C1(CCCN2CCC3=CC(OCC4=CC=CC=C4)=CC=C3C(O)C2)OCC(C)(C)CO1,900
C(CN1CC2=C(C1)C=CC=C2)CN1CCC2=C(C1)C1=CC=CC=C1O2,9.9
COC1=C(C=C(Br)C2=C1C=CC=C2)C(=O)NC[C@H]1CCCN1CC1=CC=CC=C1,207
CN(CC1=CC=CN=C1)C1C2C3CC4C5CC(C2C35)C14,881
O[C@@H]1CC2=C(C[C@H]1N3CCC(CC3)CC4=CC=CC=C4)C=CC=C2,60
C(CCC1=CC=CC=C1)CN1CCC2(CC1)OCC1=CC=CC=C21,0.25
CN(CC1CCCCC1)C1C2C3CC4C5CC(C2C35)C14,14
COC(=O)C1(CC1CN(C)C12CC3CC(CC(C3)C1)C2)C1=CC=CC=C1,11.2
FC1=CC=C(C=C1)N1C=C(CCCCN2CCC3(CC4=C(O3)C=CC=C4)CC2)C2=CC=CC=C12,340
CC1=CC=CC=C1[C@H]1CC[C@@H](CC1)N1CCN(CC1)C1=NC=CC=C1,29.6
FC1=CC=C2N=C(SCCCCN3CCN(CC3)C3CCCCC3)SC2=C1,13.8
COC1=C(C=C(Br)C2=C1C=CC=C2)C(=O)NC[C@H]1CCCN1C1CCCCCC1,57
O[C@@H]1CC[C@H](OCC2=CC=C(F)C=C2)C[C@H]1N(CC3)CCC3N4CCCCC4,543
COC1=C(NC(=O)OC2CC3CCCC(C2)N3CC2=CC=CC(F)=C2)C=C(C)C=C1,318
[O-][N+](=O)C1=CC=C(C=C1)N1CCN(CCCCN2C(=O)OC3=CC=CC=C23)CC1,256
O[C@H]1CC2=CC=CC=C2C[C@@H]1N1C2CCC1CC(C2)C1=CC=CC=C1,175
COC1=C2CCCC(CCCN3CCN(CC3)C3CCCCC3)C2=CC=C1,0.68
CC1(C)CCCN(CCCC2CCC3=CC=CC=C23)C1,26.1
O[C@H]1[C@@H](CCCC1)N2CCC(CC2)C3=CC=NC=C3,3317
C(CC1=CC=CC=C1)N1CCCCC1,140
COC1=CC=C2CCCC(CCCCN3CCCC(C)(C)C3)C2=C1,160
O=C(N)C1=CC=C(N2N=C(C)C3=C2CC(C)(C)CC3=O)C=C1NC4CC(N5CC6=CC=CC=C6)CCCC5C4,11350
CC1(C)CCCN(CCCCCC2CCCC3=CC=CC=C23)C1,318
COC1=CC=C2C(CCCN3CCCC(C)(C)C3)CCC2=C1,56.6
O=C(N)C1=CC=C(N2N=C(C)C3=C2CC(C)(C)CC3=O)C=C1NC4CC(N5CCO)CCCC5C4,18250
O=C(N)C1=CC=C(N2N=C(C)C3=C2CC(C)(C)CC3=O)C=C1N4CC5=C(C=C(OC)C(OC)=C5)CC4,18400
CC(C(O)C1=CC=C(O)C=C1)N1CCC(CC2=CC=CC=C2)CC1,18.8
O=C(N)C1=CC=C(N2N=C(C)C3=C2CC(C)(C)CC3=O)C=C1NCCCCCCN4CC5=C(C=C(OC)C(OC)=C5)CC4,21500
COC1=C2CCC(CCCCN3CCCC(C)(C)C3)C2=CC=C1,97.2
COC1=C2CCCC(CCCN3CCN(CC4=CC=CC=C4)CC3)C2=CC=C1,1870
COC1=C2CCCC(CCCCN3CCCC(C)(C)C3)C2=CC=C1,183
COC1=CC=C2C(CCCN3CCCC(C)(C)C3)CCCC2=C1,172
COC1=CC=C2C(CCCCCN3CCCC(C)(C)C3)CCCC2=C1,409
COC1=CC=C2C(CCCCN3CCCC(C)(C)C3)CCCC2=C1,247
CC1(C)CCCN(CCCCCC2CCCC3=C2C=CS3)C1,28.1
COC1=CC=C(CN2CCCC2)C=C1OC,658
C(N1C2CCC1CC2)C1=CC=CC=C1,399
FC1=CC=CC(CCCN2CCCC2)=C1,39
COC1=CC=CC2=C1CCCC2CCCN1CCC2(COC3=C2C=CC=C3)CC1,40.6
CCN(CCCCC1=CN(C2=C1C=CC=C2)C1=CC=C(F)C=C1)CC1=CC=C(OC)C=C1,69.8
FC1=CC(CN2CCCC2)=CC=C1,852
COC1=CC=CC2=C1CCCC2CCCN1CCC(CC1)C1=CC=C(F)C=C1,22.6
N1(CCCC1)CCC2=CC=CC=N2,3516
C(N1C2CCC1CC2)C1=CC=CN=C1,6352
FC1=CC(CCN2CCCC2)=CC=C1,246
FC1=CC=CC(CN2C3CCC2CC3)=C1,251
C(CC1=CC=CC=N1)N1CCCC1,1611
COC1=CC=C(CN2C3CCC2CC3)C=C1OC,43.1
C(N1CCCC1)C1=CC=CC=C1,661
BrC1=CC2=C(NC=C2CCN(CC=C)CC=C)C=C1,97.7237221
COC1=CC2=C(NC=C2CCN(CC=C)CC=C)C=C1,251.1886432
N1(CC2=CC=CC=C2)CCN(C[C@H]3O[C@](C4=CC=CC=C4)(C5CCCCC5)OC3)CC1,17.7827941
N1(CCOC(C2=CC=CC=C2)C3=CC=CC=C3)CCN(CC4=CC=CC=C4)CC1,11.22018454
CC(C)(C(=O)OCCN1CCN(CC1)C1=CC=C(C2=NON=C12)[N+]([O-])=O)C1=CC=C(Cl)C=C1,278
[O-][N+](=O)C1=CC=C(N2CCN(CCOC(=O)CC3=CC(Cl)=C(Cl)C=C3)CC2)C2=NON=C12,393
O=C(C1(CCCCC1)C2=CC=CC=C2)OCCN3CCN(C4=CC=C([N+]([O-])=O)C5=NON=C54)CC3,56.8
N1(C2=CC=C3C([C@@H]4N(CC5=CC=CC=C5)CC[C@H]3C4)=C2)CCOCC1,1034
ClC1=CC(Cl)=CC(CN2[C@H](C3)C4=CC(N5CCOCC5)=CC=C4[C@H]3CC2)=C1,92
FC1=CC=CC=C1CN2[C@H](C3)C4=CC(N5CCOCC5)=CC=C4[C@H]3CC2,1258
C(N1CC[C@H]2C[C@@H]1C1=CC(=CC=C21)N1CCCCC1)C1=CC=CC=C1,318
ClC1=CC=CC(CN2CC[C@H]3C[C@@H]2C2=CC(=CC=C32)N2CCCCC2)=C1,746
C(N1CC[C@H]2C[C@@H]1C1=CC(=CC=C21)C1=CC=C2OCOC2=C1)C1=CC=CC=C1,723
FC(C1=CC=C(C2=CC=C3C([C@@H]4N(C)CC[C@H]3C4)=C2)C=C1)(F)F,43
FC(C1=CC=C(C2=CC=C3C([C@@H]4N(CCC5=CC=CC=C5)CC[C@H]3C4)=C2)C=C1)(F)F,166
CC1=CC(C2=CC=C3C([C@@H]4N(C)CC[C@H]3C4)=C2)=CC=C1,133
CC1=CC(C2=CC=C3C([C@@H]4N(CC5=CC=C(OCO6)C6=C5)CC[C@H]3C4)=C2)=CC=C1,828
CN1CCN(CC1)C1=CC=C2[C@@H]3C[C@@H](N(CC3)C(=O)OCC3=CC=CC=C3)C2=C1,71
CN1CCN(C2=CC=C3C([C@@H]4N(S(=O)(C5=CC(Cl)=CC(Cl)=C5)=O)CC[C@H]3C4)=C2)CC1,27
O=S(N1[C@H](C2)C3=CC(N4CCN(C)CC4)=CC=C3[C@H]2CC1)(C5=CC=CC=C5)=O,764
O=C(N1[C@H](C2)C3=CC(N4CCN(C)CC4)=CC=C3[C@H]2CC1)CCC5=CC=CC=C5,357
O=C(N1[C@H](C2)C3=CC(N4CCN(C)CC4)=CC=C3[C@H]2CC1)OCC=C,442
O=C(N1[C@H](C2)C3=CC(N4CCN(CC=C)CC4)=CC=C3[C@H]2CC1)OCC5=CC=CC=C5,34
O=C(N1[C@H](C2)C3=CC(N4CCN(CCC=C)CC4)=CC=C3[C@H]2CC1)OCC5=CC=CC=C5,16
O=C(N1[C@H](C2)C3=CC(N4CCN(C/C=C(C)\C)CC4)=CC=C3[C@H]2CC1)OCC5=CC=CC=C5,23
O=C(N1[C@H](C2)C3=CC(N4CCN(CCC(OCC)=O)CC4)=CC=C3[C@H]2CC1)OCC5=CC=CC=C5,16.2
